id,first_name,last_name,email,phone,created_at
977d0a7a-646d-4bdb-b7c8-cf1d1a3d3c73,Vicky,Kessler,christiankoelpin@connelly.biz,8299469762,2025-02-18 18:45:08.251283847 +0000 UTC
04f8663e-3679-4eb6-a854-3cae2fb41465,Richard,Hegmann,carmellatoy@satterfield.org,6880890704,2025-05-14 09:02:57.379196949 +0000 UTC
c346a810-b4e9-4b49-b987-782695d1f773,Marshall,Blick,victorkulas@casper.biz,7996499411,2024-11-17 13:45:58.496610782 +0000 UTC
17e97765-c070-423b-9c6d-20eb5319d0ba,Janice,Mertz,darianabalistreri@tromp.org,8220795024,2024-09-24 10:24:06.475449916 +0000 UTC
54a81ed6-bf33-4f5b-9f4b-f7cf4e5ad887,Lowell,Eichmann,cheyanneemard@schmeler.org,7420208807,2024-09-12 15:00:41.879854331 +0000 UTC
be6eb771-31d1-4d0e-84a2-e08ae68f7f88,Ferne,Krajcik,darianledner@pfannerstill.info,3817247856,2025-01-30 03:37:27.599846368 +0000 UTC
797a34b1-926e-4b85-8ba4-506dfb0a7f07,Scottie,Labadie,tommiewitting@swift.net,4191092469,2024-10-24 18:05:14.556582066 +0000 UTC
c84616b0-2fd8-4025-ab4e-c4a6b33f120e,Adele,Wolff,aronconroy@schmitt.org,4815742870,2024-08-27 13:56:31.795846424 +0000 UTC
5b03f4ab-a703-4809-bc42-9ccd4f7e1d73,Skylar,Bergstrom,henrylang@paucek.io,8625504085,2024-12-20 07:49:33.831046217 +0000 UTC
75f264a3-4d7e-4342-93c8-61ddbabc3a52,Kimberly,Blick,coltenaufderhar@dach.net,3267881910,2024-08-01 18:46:35.721443127 +0000 UTC
